{
    "epochs": [
        0,
        1,
        2
    ],
    "lr": [
        0.0002,
        0.0004,
        0.0006
    ],
    "train_time": [
        78.13902521133423,
        89.7708113193512,
        75.08756303787231
    ],
    "val_time": [
        5.8040125370025635,
        5.2618162631988525,
        5.021293640136719
    ],
    "train_loss": [
        2.087733724842901,
        NaN,
        NaN
    ],
    "val_loss": [
        3.4368640625,
        NaN,
        NaN
    ],
    "train_acc": [
        0.8201426630434783,
        1.0,
        1.0
    ],
    "val_acc": [
        0.0,
        0.0,
        0.0
    ],
    "best_val": 0,
    "best_epoch": 0
}